Workbook

Sheet Sales_Data
A1: Employee | B1: Region | C1: Sales | D1: Rating | E1: Experience | F1: Performance | G1: Eligibility
A2: A | B2: South | C2: 45000 | D2: 3 | E2: 1 | F2: =IF(C2>=80000,"Excellent",IF(C2>=60000,"Good",IF(C2>=40000,"Average","Poor"))) -> Average | G2: =IF(AND(C2>=60000,D2>=4),"Eligible","Not Eligible") -> Not Eligible
A3: B | B3: North | C3: 72000 | D3: 4 | E3: 3 | F3: =IF(C3>=80000,"Excellent",IF(C3>=60000,"Good",IF(C3>=40000,"Average","Poor"))) -> Good | G3: =IF(AND(C3>=60000,D3>=4),"Eligible","Not Eligible") -> Eligible
A4: C | B4: South | C4: 38000 | D4: 2 | E4: 1 | F4: =IF(C4>=80000,"Excellent",IF(C4>=60000,"Good",IF(C4>=40000,"Average","Poor"))) -> Poor | G4: =IF(AND(C4>=60000,D4>=4),"Eligible","Not Eligible") -> Not Eligible
A5: D | B5: West | C5: 91000 | D5: 5 | E5: 5 | F5: =IF(C5>=80000,"Excellent",IF(C5>=60000,"Good",IF(C5>=40000,"Average","Poor"))) -> Excellent | G5: =IF(AND(C5>=60000,D5>=4),"Eligible","Not Eligible") -> Eligible
A6: E | B6: South | C6: 55000 | D6: 4 | E6: 2 | F6: =IF(C6>=80000,"Excellent",IF(C6>=60000,"Good",IF(C6>=40000,"Average","Poor"))) -> Average | G6: =IF(AND(C6>=60000,D6>=4),"Eligible","Not Eligible") -> Not Eligible
A7: F | B7: West | C7: 62000 | D7: 3 | E7: 4 | F7: =IF(C7>=80000,"Excellent",IF(C7>=60000,"Good",IF(C7>=40000,"Average","Poor"))) -> Good | G7: =IF(AND(C7>=60000,D7>=4),"Eligible","Not Eligible") -> Not Eligible
A8: G | B8: North | C8: 48000 | D8: 3 | E8: 2 | F8: =IF(C8>=80000,"Excellent",IF(C8>=60000,"Good",IF(C8>=40000,"Average","Poor"))) -> Average | G8: =IF(AND(C8>=60000,D8>=4),"Eligible","Not Eligible") -> Not Eligible
A9: H | B9: South | C9: 80000 | D9: 5 | E9: 4 | F9: =IF(C9>=80000,"Excellent",IF(C9>=60000,"Good",IF(C9>=40000,"Average","Poor"))) -> Excellent | G9: =IF(AND(C9>=60000,D9>=4),"Eligible","Not Eligible") -> Eligible
A10: I | B10: West | C10: 42000 | D10: 2 | E10: 1 | F10: =IF(C10>=80000,"Excellent",IF(C10>=60000,"Good",IF(C10>=40000,"Average","Poor"))) -> Average | G10: =IF(AND(C10>=60000,D10>=4),"Eligible","Not Eligible") -> Not Eligible
A11: J | B11: North | C11: 85000 | D11: 5 | E11: 5 | F11: =IF(C11>=80000,"Excellent",IF(C11>=60000,"Good",IF(C11>=40000,"Average","Poor"))) -> Excellent | G11: =IF(AND(C11>=60000,D11>=4),"Eligible","Not Eligible") -> Eligible

Sheet Analysis
A1: METRICS | B1: RESULT
A2: Total Employees | B2: =COUNTA(Sales_Data!A2:A11) -> 10
A3: South Employees | B3: =COUNTIF(Sales_Data!B2:B11,"South") -> 4
A4: West Employees | B4: =COUNTIF(Sales_Data!B2:B11,"West") -> 3
A5: Employees with Sales ≥ ₹70,000 | B5: =COUNTIF(Sales_Data!C2:C11,">=70000") -> 4
A6: South Employees with Sales ≥ ₹50,000 | B6: =COUNTIFS(Sales_Data!B2:B11,"South",Sales_Data!C2:C11,">=50000") -> 2
A7: Total South Sales | B7: =SUMIF(Sales_Data!B2:B11,"South",Sales_Data!C2:C11) -> 218000
A8: Total West Sales | B8: =SUMIF(Sales_Data!B2:B11,"West",Sales_Data!C2:C11) -> 195000
A9: Total North Sales ≥ ₹70,000 | B9: =SUMIFS(Sales_Data!C2:C11,Sales_Data!B2:B11,"North",Sales_Data!C2:C11,">=70000") -> 157000
A10: Average South Sales | B10: =AVERAGEIF(Sales_Data!B2:B11,"South",Sales_Data!C2:C11) -> 54500
A11: Average West Sales with Rating ≥ 3 | B11: =AVERAGEIFS(Sales_Data!C2:C11,Sales_Data!B2:B11,"West",Sales_Data!D2:D11,">=3") -> 76500
A12: Total North Sales | B12: =SUMIF(Sales_Data!B2:B11,"North",Sales_Data!C2:C11) -> 205000
A13: Average North Sales | B13: =AVERAGEIF(Sales_Data!B2:B11,"North",Sales_Data!C2:C11) -> 68333.333
A14: Average West Sales | B14: =AVERAGEIF(Sales_Data!B2:B11,"West",Sales_Data!C2:C11) -> 65000
A15: Count of employee eligibility | B15: =COUNTIF(Sales_Data!G2:G11,"Eligible") -> 4
A16: Count of excellent performance | B16: =COUNTIF(Sales_Data!F2:F11,"Excellent") -> 3
A17: percentage of eligibity | B17: =COUNTIF(Sales_Data!G2:G11,"Eligible")/COUNTA(Sales_Data!G2:G11)*100 -> 40
A18: Sales ≥ ₹50,000 AND (South OR West) AND Rating ≥ 4 | B18: =COUNTIFS(Sales_Data!C2:C11,">=50000",Sales_Data!B2:B11,"South",Sales_Data!D2:D11,">=4")+COUNTIFS(Sales_Data!C2:C11,">=50000",Sales_Data!B2:B11,"West",Sales_Data!D2:D11,">=4") -> 3
